	name	clean_text
0	«Евразийская антимонопольная ассоциация»	 евразийская антимонопольная ассоциация 
1	Ассоциация некоммерческих организаций «В защиту прав избирателей «ГОЛОС»	ассоциация некоммерческих организаций в защиту прав избирателей голос 
2	Региональная общественная правозащитная организация «Союз «Женщины Дона»	региональная общественная правозащитная организация союз женщины дона 
3	Автономная некоммерческая научно- исследовательская организация «Центр социальной политики и гендерных исследований»	автономная некоммерческая научно исследовательская организация центр социальной политики и гендерных исследований 
4	Региональная общественная организация в защиту демократических прав и свобод«ГОЛОС»	региональная общественная организация в защиту демократических прав и свобод голос 
5	Некоммерческая организация Фонд «Костромской центр поддержки общественных инициатив»	некоммерческая организация фонд костромской центр поддержки общественных инициатив 
6	Калининградская региональная общественная организация «Экозащита!-Женсовет»	калининградская региональная общественная организация экозащита женсовет 
7	Фонд содействия защите прав и свобод граждан «Общественный вердикт»	фонд содействия защите прав и свобод граждан общественный вердикт 
8	Межрегиональная общественная организация Правозащитный Центр «Мемориал»	межрегиональная общественная организация правозащитный центр мемориал 
9	Автономная некоммерческая организация «Юристы за конституционные права и свободы»	автономная некоммерческая организация юристы за конституционные права и свободы 
10	Межрегиональная Ассоциация правозащитных общественных объединений «Правозащитная ассоциация»	межрегиональная ассоциация правозащитных общественных объединений правозащитная ассоциация 
11	Санкт-Петербургская региональная общественная правозащитная организация «Солдатские матери Санкт-Петербурга»	санкт петербургская региональная общественная правозащитная организация солдатские матери санкт петербурга 
12	Фонд «Институт Развития Свободы Информации»	фонд институт развития свободы информации 
13	Автономная некоммерческая организация «Научный центр международных исследований «ПИР»	автономная некоммерческая организация научный центр международных исследований пир 
14	Ассоциация «Партнерство для развития» (Саратовская региональная общественная благотворительная организация)	ассоциация партнерство для развития саратовская региональная общественная благотворительная организация 
15	Частное учреждение «Информационное агентство МЕМО. РУ»	частное учреждение информационное агентство мемо ру 
16	Некоммерческое партнерство «Институт региональной прессы»	некоммерческое партнерство институт региональной прессы 
17	Автономная некоммерческая организация «Московская школа гражданского просвещения»	автономная некоммерческая организация московская школа гражданского просвещения 
18	Архангельская региональная общественная организация социально- психологической и правовой помощи лесбиянкам,геям,бисексуалам и трансгендерам (ЛГБТ) «Ракурс»	архангельская региональная общественная организация социально психологической и правовой помощи лесбиянкам геям бисексуалам и трансгендерам лгбт ракурс 
19	Карачаево-Черкесская Республиканская молодежная общественная организация «Союз молодых политологов»	карачаево черкесская республиканская молодежная общественная организация союз молодых политологов 
20	Общероссийское общественное движение защиты прав человека «За права человека»	общероссийское общественное движение защиты прав человека за права человека 
21	Краснодарская краевая общественная организация выпускников вузов	краснодарская краевая общественная организация выпускников вузов
22	Калининградская региональная общественная организация «Правозащитный центр»	калининградская региональная общественная организация правозащитный центр 
23	Региональная общественная организация «Общественная комиссияпо сохранению наследия академика Сахарова»	региональная общественная организация общественная комиссияпо сохранению наследия академика сахарова 
24	Санкт-Петербургская правозащитная общественная организация «Лигаизбирательниц»	санкт петербургская правозащитная общественная организация лигаизбирательниц 
25	Фонд поддержки свободы прессы	фонд поддержки свободы прессы
26	Санкт-Петербургская общественная правозащитная организация«Гражданский контроль»	санкт петербургская общественная правозащитная организация гражданский контроль 
27	Автономная некоммерческая организация информационных и правовых услуг «Ресурсный правозащитный центр»	автономная некоммерческая организация информационных и правовых услуг ресурсный правозащитный центр 
28	Межрегиональная общественная правозащитная организация «Человек и Закон»	межрегиональная общественная правозащитная организация человек и закон 
29	Автономная некоммерческая организация «Центр социального проектирования «Возрождение»	автономная некоммерческая организация центр социального проектирования возрождение 
30	Межрегиональная общественная организация «Информационно-просветительский центр «Мемориал»	межрегиональная общественная организация информационно просветительский центр мемориал 
31	Межрегиональная общественная организация «Комитет против пыток»	межрегиональная общественная организация комитет против пыток 
32	«Частное учреждение в Санкт-Петербурге по административной поддержке реализации программ и проектов Совета Министров северных стран»	 частное учреждение в санкт петербурге по административной поддержке реализации программ и проектов совета министров северных стран 
33	Автономная некоммерческая правозащитная организация «Молодежный центр консультации и тренинга»	автономная некоммерческая правозащитная организация молодежный центр консультации и тренинга 
34	Еврейское областное региональное отделение Общероссийской общественной организации «Муниципальная Академия»	еврейское областное региональное отделение общероссийской общественной организации муниципальная академия 
35	Некоммерческое партнерство «Институт развития прессы-Сибирь»	некоммерческое партнерство институт развития прессы сибирь 
36	Мурманская региональная общественная организация «Центр социально-психологической помощи и правовой поддержки жертв дискриминации и гомофобии «Максимум»	мурманская региональная общественная организация центр социально психологической помощи и правовой поддержки жертв дискриминации и гомофобии максимум 
37	Межрегиональный общественный фонд содействия развитию гражданского общества «ГОЛОС–Поволжье»	межрегиональный общественный фонд содействия развитию гражданского общества голос поволжье 
38	Межрегиональная благотворительная общественная организация «Сибирский экологический центр»	межрегиональная благотворительная общественная организация сибирский экологический центр 
39	Фонд «Центр гражданского анализа и независимых исследований «ГРАНИ»	фонд центр гражданского анализа и независимых исследований грани 
40	Городская общественная организация «Самарский центр гендерных исследований»	городская общественная организация самарский центр гендерных исследований 
41	"Фонд ""Центр Защиты Прав Средств массовой информации"""	фонд центр защиты прав средств массовой информации 
42	Челябинский региональный благотворительный общественный фонд «За природу»	челябинский региональный благотворительный общественный фонд за природу 
43	Челябинское региональное экологическое общественное движение «За природу»	челябинское региональное экологическое общественное движение за природу 
44	Общественное региональное движение «Новгородский Женский Парламент»	общественное региональное движение новгородский женский парламент 
45	Самарская региональная общественная организация содействия гармонизации межнациональных отношений «АЗЕРБАЙДЖАН»	самарская региональная общественная организация содействия гармонизации межнациональных отношений азербайджан 
46	Мурманская региональная молодежная общественная организация «Гуманистическое движение молодежи»	мурманская региональная молодежная общественная организация гуманистическое движение молодежи 
47	Мурманская региональная общественная экологическая организация «Беллона-Мурманск»	мурманская региональная общественная экологическая организация беллона мурманск 
48	Частное учреждение дополнительного профессионального образования «Учебный центр экологии и безопасности»	частное учреждение дополнительного профессионального образования учебный центр экологии и безопасности 
49	Фонд поддержки социальных проектов «Миграция XXI век»	фонд поддержки социальных проектов миграция xxi век 
50	Ростовская городская общественная организация «ЭКО-ЛОГИКА»	ростовская городская общественная организация эко логика 
51	Автономная некоммерческая организация «Центр антикоррупционных исследований и инициатив «Трансперенси Интернешнл-Р»	автономная некоммерческая организация центр антикоррупционных исследований и инициатив трансперенси интернешнл р 
52	Озерская городская социально- экологическая общественная организация «Планета надежд»	озерская городская социально экологическая общественная организация планета надежд 
53	Новосибирский областной общественный фонд «Фонд защиты прав потребителей»	новосибирский областной общественный фонд фонд защиты прав потребителей 
54	Региональная общественная благотворительная организация помощи беженцам и мигрантам «Гражданское содействие»	региональная общественная благотворительная организация помощи беженцам и мигрантам гражданское содействие 
55	Фонд поддержки расследовательской журналистики – Фонд 19/29	фонд поддержки расследовательской журналистики фонд 19 29
56	Калининградская региональная общественная организация информационно-правовых программ «Женская лига»	калининградская региональная общественная организация информационно правовых программ женская лига 
57	Автономная некоммерческая организация «Мемориальный центр истории политических репрессий «Пермь-36»	автономная некоммерческая организация мемориальный центр истории политических репрессий пермь 36 
58	Ассоциация «Экспертно-правовое партнерство «Союз»	ассоциация экспертно правовое партнерство союз 
59	Некоммерческое партнерство «Клуб бухгалтеров и аудиторов некоммерческих организаций»	некоммерческое партнерство клуб бухгалтеров и аудиторов некоммерческих организаций 
60	«Частное учреждение в Калининграде по административной поддержке реализации программ и проектов Совета Министров северных стран»	 частное учреждение в калининграде по административной поддержке реализации программ и проектов совета министров северных стран 
61	Межрегиональная благотворительная общественная организация «Центр развития некоммерческих организаций»	межрегиональная благотворительная общественная организация центр развития некоммерческих организаций 
62	Негосударственное образовательное учреждение дополнительного профессионального образования (повышение квалификации) специалистов «АКАДЕМИЯ ПО ПРАВАМ ЧЕЛОВЕКА»	негосударственное образовательное учреждение дополнительного профессионального образования повышение квалификации специалистов академия по правам человека 
63	Свердловская региональная общественная организация «Сутяжник»	свердловская региональная общественная организация сутяжник 
64	Нижегородская региональная общественная организация «Экологический центр «Дронт»	нижегородская региональная общественная организация экологический центр дронт 
65	ФОНД НЕКОММЕРЧЕСКИХ ПРОГРАММ ДМИТРИЯ ЗИМИНА «ДИНАСТИЯ»	фонд некоммерческих программ дмитрия зимина династия 
66	НЕКОММЕРЧЕСКАЯ ОРГАНИЗАЦИЯ НАУЧНЫЙ ФОНД ТЕОРЕТИЧЕСКИХ И ПРИКЛАДНЫХ ИССЛЕДОВАНИЙ «ЛИБЕРАЛЬНАЯ МИССИЯ»	некоммерческая организация научный фонд теоретических и прикладных исследований либеральная миссия 
67	Территориальное объединение работодателей «Ефремовский районный союз промышленников и предпринимателей»	территориальное объединение работодателей ефремовский районный союз промышленников и предпринимателей 
68	Региональная общественная организация «Центр независимых исследователей Республики Алтай»	региональная общественная организация центр независимых исследователей республики алтай 
69	"ФОНД ""СИБИРСКИЙ ЦЕНТР ПОДДЕРЖКИ ОБЩЕСТВЕННЫХ ИНИЦИАТИВ"""	фонд сибирский центр поддержки общественных инициатив 
70	РЕСПУБЛИКАНСКАЯ МОЛОДЕЖНАЯ ОБЩЕСТВЕННАЯ ОРГАНИЗАЦИЯ «НУОРИ КАРЬЯЛА» («МОЛОДАЯ КАРЕЛИЯ)	республиканская молодежная общественная организация нуори карьяла молодая карелия 
71	МЕЖРЕГИОНАЛЬНЫЙ ОБЩЕСТВЕННЫЙ ФОНД МИРА НА ЮГЕ И СЕВЕРНОМ КАВКАЗЕ	межрегиональный общественный фонд мира на юге и северном кавказе
72	Автономная некоммерческая организация «Центр независимых социологических исследований»	автономная некоммерческая организация центр независимых социологических исследований 
73	Автономная некоммерческая организация «Центр информации «ФРИИНФОРМ»	автономная некоммерческая организация центр информации фриинформ 
74	Региональная общественная организация содействия охране репродуктивного здоровья граждан «Народонаселение и Развитие»	региональная общественная организация содействия охране репродуктивного здоровья граждан народонаселение и развитие 
75	Алтайская краевая общественная организация «Геблеровское экологическое общество»	алтайская краевая общественная организация геблеровское экологическое общество 
76	АССОЦИАЦИЯ «СОДЕЙСТВИЕ В ПРАВОВОЙ ЗАЩИТЕ НАСЕЛЕНИЯ «ПРАВОВАЯ ОСНОВА»	ассоциация содействие в правовой защите населения правовая основа 
77	Межрегиональная общественная организация «Северная природоохранная коалиция»	межрегиональная общественная организация северная природоохранная коалиция 
78	КОМИ РЕГИОНАЛЬНАЯ ОБЩЕСТВЕННАЯ ОРГАНИЗАЦИЯ «КОМИССИЯ ПО ЗАЩИТЕ ПРАВ ЧЕЛОВЕКА «МЕМОРИАЛ»	коми региональная общественная организация комиссия по защите прав человека мемориал 
79	Алтайский краевой эколого-культурный общественный фонд «Алтай-21век»	алтайский краевой эколого культурный общественный фонд алтай 21век 
80	МЕЖРЕГИОНАЛЬНЫЙ ОБЩЕСТВЕННЫЙ ФОНД СОДЕЙСТВИЯ РАЗВИТИЮ ГРАЖДАНСКОГО ОБЩЕСТВА «ГОЛОС – УРАЛ»	межрегиональный общественный фонд содействия развитию гражданского общества голос урал 
81	ФОНД ПОДДЕРЖКИ СРЕДСТВ МАССОВОЙ ИНФОРМАЦИИ «СРЕДА»	фонд поддержки средств массовой информации среда 
82	Нижегородская областная социально- экологическая общественная организация «Зеленый мир»	нижегородская областная социально экологическая общественная организация зеленый мир 
83	ФОНД «ГРАЖДАНСКОЕ ДЕЙСТВИЕ»	фонд гражданское действие 
84	Некоммерческое партнерство «Альянс фондов местных сообществ Пермского края»	некоммерческое партнерство альянс фондов местных сообществ пермского края 
85	Кабардино-Балкарский республиканский общественный правозащитный центр Региональное отделение Общероссийского общественного движения «За права человека»	кабардино балкарский республиканский общественный правозащитный центр региональное отделение общероссийского общественного движения за права человека 
86	ЧЕЧЕНСКАЯ РЕГИОНАЛЬНАЯ ОБЩЕСТВЕННАЯ ОРГАНИЗАЦИЯ «ПРАВОЗАЩИТНЫЙ ЦЕНТР ЧЕЧЕНСКОЙ РЕСПУБЛИКИ»	чеченская региональная общественная организация правозащитный центр чеченской республики 
87	Межрегиональный общественный экологический фонд «ИСАР-СИБИРЬ»	межрегиональный общественный экологический фонд исар сибирь 
88	ОБЩЕСТВЕННАЯ ОРГАНИЗАЦИЯ «ПЕРМСКИЙ РЕГИОНАЛЬНЫЙ ПРАВОЗАЩИТНЫЙ ЦЕНТР»	общественная организация пермский региональный правозащитный центр 
89	Региональная общественная организация по улучшению качества жизни общества «Сибирская линия жизни»	региональная общественная организация по улучшению качества жизни общества сибирская линия жизни 
90	Фонд в поддержку демократии «ГОЛОС»	фонд в поддержку демократии голос 
91	Региональная общественная организация «Еврейский общинный культурный центр Рязанской области «Хесед-Тшува»	региональная общественная организация еврейский общинный культурный центр рязанской области хесед тшува 
92	Региональная общественная организация «Экологическая вахта Сахалина»	региональная общественная организация экологическая вахта сахалина 
93	Автономная некоммерческая организация «Информационно- исследовательский центр «Ясавэй Манзара»	автономная некоммерческая организация информационно исследовательский центр ясавэй манзара 
94	Межрегиональная общественная благотворительная организация «Общество защиты прав потребителей и охраны окружающей среды «ПРИНЦИПЪ»	межрегиональная общественная благотворительная организация общество защиты прав потребителей и охраны окружающей среды принципъ 
95	Автономная некоммерческая организация «Дальневосточный центр развития гражданских инициатив и социального партнерства»	автономная некоммерческая организация дальневосточный центр развития гражданских инициатив и социального партнерства 
96	Союз общественных объединений «Российский исследовательский центр по правам человека»	союз общественных объединений российский исследовательский центр по правам человека 
97	Фонд содействия развитию гражданского общества и правам человека «Женщины Дона»	фонд содействия развитию гражданского общества и правам человека женщины дона 
98	Красноярское региональное экологическое общественное движение «Друзья сибирских лесов»	красноярское региональное экологическое общественное движение друзья сибирских лесов 
99	Омская городская общественная организация «Фотоклуб «Со-бытие»	омская городская общественная организация фотоклуб со бытие 
100	Региональное общественное учреждение научно-информационный центр «МЕМОРИАЛ»	региональное общественное учреждение научно информационный центр мемориал 
101	Иркутская региональная общественная организация «Байкальская Экологическая Волна»	иркутская региональная общественная организация байкальская экологическая волна 
102	Некоммерческая организация «Фонд защиты гласности»	некоммерческая организация фонд защиты гласности 
103	Автономная некоммерческая организация «Институт прав человека»	автономная некоммерческая организация институт прав человека 
104	Межрегиональная общественная организация «Центр содействия коренным малочисленным народам Севера»	межрегиональная общественная организация центр содействия коренным малочисленным народам севера 
105	Местная общественная благотворительная экологическая организация Зеленый Мир	местная общественная благотворительная экологическая организация зеленый мир
106	Автономная некоммерческая организация «Правозащитная организация «МАШР»	автономная некоммерческая организация правозащитная организация машр 
107	Калининградская региональная общественная организация содействия развитию женского сообщества «Мирженщины»	калининградская региональная общественная организация содействия развитию женского сообщества мирженщины 
108	Региональная общественная организация «Информационно-исследовательский центр «Панорама»	региональная общественная организация информационно исследовательский центр панорама 
109	Забайкальское краевое общественное учреждение «Общественный экологический центр «Даурия»	забайкальское краевое общественное учреждение общественный экологический центр даурия 
110	Городская общественная организация «Екатеринбургское общество «МЕМОРИАЛ»	городская общественная организация екатеринбургское общество мемориал 
111	Межрегиональная общественная организация «Комитет по предотвращению пыток»	межрегиональная общественная организация комитет по предотвращению пыток 
112	Межрегиональная общественная организация «Бюро общественных расследований»	межрегиональная общественная организация бюро общественных расследований 
113	Нижегородская региональная общественная организация «Институт прогнозирования и урегулирования политических конфликтов»	нижегородская региональная общественная организация институт прогнозирования и урегулирования политических конфликтов 
114	Городская общественная организация «Рязанское историко-просветительское и правозащитное общество «Мемориал» (Рязанский Мемориал)	городская общественная организация рязанское историко просветительское и правозащитное общество мемориал рязанский мемориал 
115	Санкт-Петербургская общественная организация «Общество содействия социальной защите граждан «Петербургская ЭГИДА»	санкт петербургская общественная организация общество содействия социальной защите граждан петербургская эгида 
116	Челябинский региональный орган общественной самодеятельности – женское общественное объединение «Женщины Евразии»	челябинский региональный орган общественной самодеятельности женское общественное объединение женщины евразии 
117	Омская региональная общественная организация «Центр охраны здоровья и социальной защиты «СИБАЛЬТ»	омская региональная общественная организация центр охраны здоровья и социальной защиты сибальт 
118	Челябинский региональный орган общественной самодеятельности«Уральская правозащитная группа»	челябинский региональный орган общественной самодеятельности уральская правозащитная группа 
119	Челябинский региональный общественный фонд поддержки демократии «Уральский демократический фонд»	челябинский региональный общественный фонд поддержки демократии уральский демократический фонд 
120	Благотворительный фонд социально- правовой помощи «Сфера»	благотворительный фонд социально правовой помощи сфера 
121	Межрегиональная общественная организация «Центр гражданского образования и прав человека»	межрегиональная общественная организация центр гражданского образования и прав человека 
122	Некоммерческая организация Международный Фонд развития коренных малочисленных народов Севера, Сибири и Дальнего Востока «БАТАНИ»	некоммерческая организация международный фонд развития коренных малочисленных народов севера сибири и дальнего востока батани 
123	Автономная некоммерческая организация «Центр социально- трудовых прав»	автономная некоммерческая организация центр социально трудовых прав 
124	Региональная общественная экологическая организация Республики Алтай «Архар»	региональная общественная экологическая организация республики алтай архар 
125	Автономная некоммерческая организация «Издательский дом «Валентин Мануйлов»	автономная некоммерческая организация издательский дом валентин мануйлов 
126	Региональная общественная организация «Школа экологии Души «Тенгри»	региональная общественная организация школа экологии души тенгри 
127	Автономная некоммерческая организация «Ганзейское бюро/Информационное бюро земли Шлезвиг-Гольштейн в Калининграде»	автономная некоммерческая организация ганзейское бюро информационное бюро земли шлезвиг гольштейн в калининграде 
128	Красноярская региональная общественная организация «Агентство общественных инициатив»	красноярская региональная общественная организация агентство общественных инициатив 
129	Саратовская Региональная Общественная Организация «Социум»	саратовская региональная общественная организация социум 
130	Пермская региональная общественная организация «Пермская гражданская палата»	пермская региональная общественная организация пермская гражданская палата 
131	Региональная общественная организация Интеграционный центр «Миграция и Закон»	региональная общественная организация интеграционный центр миграция и закон 
132	Некоммерческое партнерство по поддержке социально-профилактических программ в сфере общественного здоровья «ЭСВЕРО»	некоммерческое партнерство по поддержке социально профилактических программ в сфере общественного здоровья эсверо 
133	Фонд содействия защите здоровья и социальной справедливости имени Андрея Рылькова	фонд содействия защите здоровья и социальной справедливости имени андрея рылькова
134	Алтайская региональная спортивно- патриотическая молодежная общественная организация «Арктика»	алтайская региональная спортивно патриотическая молодежная общественная организация арктика 
135	Автономная некоммерческая организация «Свободное слово»	автономная некоммерческая организация свободное слово 
136	Фонд «Институт экономического анализа»	фонд институт экономического анализа 
137	Пензенская региональная молодежная общественная организация по профилактике негативных явлений среди молодежи «Панацея»	пензенская региональная молодежная общественная организация по профилактике негативных явлений среди молодежи панацея 
138	Самарская региональная общественная организация «Клуб выпускников американских программ»	самарская региональная общественная организация клуб выпускников американских программ 
139	Автономная некоммерческая организация «Издательство «Парк Гагарина»	автономная некоммерческая организация издательство парк гагарина 
140	Автономная Некоммерческая Организация «Аналитический Центр Юрия Левады»	автономная некоммерческая организация аналитический центр юрия левады 
141	Межрегиональная природоохранная и правозащитная общественная организация «Экологическая Вахта по Северному Кавказу»	межрегиональная природоохранная и правозащитная общественная организация экологическая вахта по северному кавказу 
142	Автономная некоммерческая правозащитная организация «Школа призывника»	автономная некоммерческая правозащитная организация школа призывника 
143	Фонд поддержки гражданских свобод «Правовая миссия»	фонд поддержки гражданских свобод правовая миссия 
144	Международная общественная организация «Международное историко-просветительское,благотворительное и правозащитное общество «Мемориал»	международная общественная организация международное историко просветительское благотворительное и правозащитное общество мемориал 
145	Свердловский областной общественный Фонд «Эра здоровья»	свердловский областной общественный фонд эра здоровья 
146	Чапаевская городская общественная организация «Ассоциация медицинских работников города Чапаевска»	чапаевская городская общественная организация ассоциация медицинских работников города чапаевска 
147	Региональный благотворительный фонд «Самарская губерния»	региональный благотворительный фонд самарская губерния 
148	Ассоциация «Интернет Сообщество»	ассоциация интернет сообщество 
149	Автономная некоммерческая организация социальной поддержки населения «Проект Апрель»	автономная некоммерческая организация социальной поддержки населения проект апрель 
150	Региональная общественная организация помощи женщинам и детям, находящимся в кризисной ситуации «Информационно-методический центр «Анна»	региональная общественная организация помощи женщинам и детям находящимся в кризисной ситуации информационно методический центр анна 
151	Краснодарская региональная благотворительная общественная организация «Южный правозащитный центр»	краснодарская региональная благотворительная общественная организация южный правозащитный центр 
152	Свердловское отделение Общероссийской общественной организации «Российское историко- просветительское, благотворительное и правозащитное общество «Мемориал»	свердловское отделение общероссийской общественной организации российское историко просветительское благотворительное и правозащитное общество мемориал 
153	Региональная общественная организация содействия просвещению граждан «Информационно- аналитический центр «Сова»	региональная общественная организация содействия просвещению граждан информационно аналитический центр сова 
154	Свердловская областная общественная организация содействия легальной миграции «Нелегалов.Нет»	свердловская областная общественная организация содействия легальной миграции нелегалов нет 
155	Санкт-Петербургская общественная организация Экологический правозащитный Центр «Беллона»	санкт петербургская общественная организация экологический правозащитный центр беллона 
156	Молодежная Общественная Организация Солонешенского района «Про-Движение»	молодежная общественная организация солонешенского района про движение 
157	Калининградское региональное общественное учреждение «Общество немецкой культуры и российских немцев «Айнтрахт Согласие»	калининградское региональное общественное учреждение общество немецкой культуры и российских немцев айнтрахт согласие 
158	Фонд содействия развитию массовых коммуникаций и правовому просвещению «Так-так-Так»	фонд содействия развитию массовых коммуникаций и правовому просвещению так так так 
159	Мурманская областная общественная организация «Кольский экологический центр»	мурманская областная общественная организация кольский экологический центр 
160	Фонд содействия устойчивому развитию «Серебряная тайга»	фонд содействия устойчивому развитию серебряная тайга 
161	Свердловский региональный общественный фонд социальных проектов «Новое время»	свердловский региональный общественный фонд социальных проектов новое время 
162	Краснодарское краевое отделение Общероссийской общественной организации «Российское историко- просветительское и правозащитное общество «Мемориал»	краснодарское краевое отделение общероссийской общественной организации российское историко просветительское и правозащитное общество мемориал 
163	Архангельская региональная молодежная экологическая общественная организация «Этас»	архангельская региональная молодежная экологическая общественная организация этас 
164	Вологодская региональная общественная организация «Культурно просветительское общество «Полония»	вологодская региональная общественная организация культурно просветительское общество полония 
165	Общероссийская общественная организация содействия развитию автомобильных перевозок «Объединение Перевозчиков России»	общероссийская общественная организация содействия развитию автомобильных перевозок объединение перевозчиков россии 
166	«Голос Америки»	 голос америки 
167	«Idel.Реалии»	 idel реалии 
168	Кавказ.Реалии	кавказ реалии
169	Крым.Реалии	крым реалии
170	Телеканал Настоящее Время	телеканал настоящее время
171	Татаро-башкирская служба Радио Свобода (Azatliq Radiosi)	татаро башкирская служба радио свобода azatliq radiosi 
172	Радио Свободная Европа/Радио Свобода (PCE/PC)	радио свободная европа радио свобода pce pc 
173	«Сибирь.Реалии»	 сибирь реалии 
174	«Фактограф»	 фактограф 
175	Алтайская краевая общественная просветительская организация в сфере охраны здоровья «Выбор»	алтайская краевая общественная просветительская организация в сфере охраны здоровья выбор 
176	Алтайское краевое общественное движение поддержки гражданских и социальных инициатив «Согласие»	алтайское краевое общественное движение поддержки гражданских и социальных инициатив согласие 
177	Городской благотворительный фонд «Фонд Тольятти»	городской благотворительный фонд фонд тольятти 
178	Фонд «Институт экономических и социальных исследований»	фонд институт экономических и социальных исследований 
179	Саратовское региональное отделение межрегиональной общественной организации «Евро-Азиатское геофизическое общество»	саратовское региональное отделение межрегиональной общественной организации евро азиатское геофизическое общество 
180	Благотворительный фонд помощи осужденным и их семьям	благотворительный фонд помощи осужденным и их семьям
181	Благотворительный фонд охраны здоровья и защиты прав граждан	благотворительный фонд охраны здоровья и защиты прав граждан
182	Челябинское региональное диабетическое общественное движение «ВМЕСТЕ»	челябинское региональное диабетическое общественное движение вместе 
183	Автономная некоммерческая организация по оказанию услуг в области защиты прав человека «Молодежная правозащитная группа»	автономная некоммерческая организация по оказанию услуг в области защиты прав человека молодежная правозащитная группа 
184	Автономная некоммерческая организация противодействия эпидемии ВИЧ/СПИДа и охраны здоровья социально-уязвимых групп населения «Центр социально-информационных инициатив Действие»	автономная некоммерческая организация противодействия эпидемии вич спида и охраны здоровья социально уязвимых групп населения центр социально информационных инициатив действие 
185	Автономная некоммерческая организация «Институт глобализации и социальных движений»	автономная некоммерческая организация институт глобализации и социальных движений 
186	Общероссийское общественное движение защиты прав человека «За права человека»	общероссийское общественное движение защиты прав человека за права человека 
187	Фонд «В защиту прав заключенных»	фонд в защиту прав заключенных 
188	Региональная общественная организация содействия соблюдению прав человека «Горячая линия»	региональная общественная организация содействия соблюдению прав человека горячая линия 
189	Частное учреждение «Центр поддержки и содействия развитию средств массовой информации»	частное учреждение центр поддержки и содействия развитию средств массовой информации 
190	Общественная организация «Саратовский областной еврейский благотворительный центр «Хасдей Ерушалаим» (Милосердие)	общественная организация саратовский областной еврейский благотворительный центр хасдей ерушалаим милосердие 
191	Ингушское республиканское отделение Общероссийской общественной организации «Российский Красный Крест»	ингушское республиканское отделение общероссийской общественной организации российский красный крест 
192	Саратовская региональная общественная организация инвалидов, больных сахарным диабетом	саратовская региональная общественная организация инвалидов больных сахарным диабетом
193	Пензенский региональный общественный благотворительный фонд «Гражданский союз»	пензенский региональный общественный благотворительный фонд гражданский союз 
194	Некоммерческая организация «Фонд борьбы с коррупцией»	некоммерческая организация фонд борьбы с коррупцией 
195	Ингушская региональная общественная организация «Институт социальных изменений»	ингушская региональная общественная организация институт социальных изменений 
196	Автономная некоммерческая организация информационных и правовых услуг «Гражданская инициатива против экологической преступности»	автономная некоммерческая организация информационных и правовых услуг гражданская инициатива против экологической преступности 
197	«Север.Реалии»	 север реалии 
198	Фонд «Общественный фонд социального развития «Генезис»	фонд общественный фонд социального развития генезис 
199	Некоммерческая организация Фонд «Правовая инициатива»	некоммерческая организация фонд правовая инициатива 
200	Общество с ограниченной ответственностью «Радио Свободная Европа/Радио Свобода»	общество с ограниченной ответственностью радио свободная европа радио свобода 
201	Автономная некоммерческая организация Центр развития социальных инициатив «Проектория»	автономная некоммерческая организация центр развития социальных инициатив проектория 
202	Фонд содействия правовому просвещению населения «Лига Избирателей»	фонд содействия правовому просвещению населения лига избирателей 
203	Санкт-Петербургский благотворительный фонд «Гуманитарное действие»	санкт петербургский благотворительный фонд гуманитарное действие 
204	Социально-ориентированная автономная некоммерческая организация содействия профилактике и охране здоровья граждан «Феникс плюс»	социально ориентированная автономная некоммерческая организация содействия профилактике и охране здоровья граждан феникс плюс 
205	Межрегиональная общественная организация реализации социально- просветительских инициатив и образовательных проектов «Открытый Петербург»	межрегиональная общественная организация реализации социально просветительских инициатив и образовательных проектов открытый петербург 
206	Автономная некоммерческая организация социально-правовых услуг «Акцент»	автономная некоммерческая организация социально правовых услуг акцент 
207	Чешское информационное агентство «MEDIUM-ORIENT»	чешское информационное агентство medium orient 
208	Некоммерческая организация «Фонд защиты прав граждан»	некоммерческая организация фонд защиты прав граждан 
209	Программно-целевой Благотворительный Фонд «СВЕЧА»	программно целевой благотворительный фонд свеча 
210	Красноярская региональная общественная организация «Мы против СПИДа»	красноярская региональная общественная организация мы против спида 
211	Апахончич Дарья Александровна	апахончич дарья александровна
212	Камалягин Денис Николаевич	камалягин денис николаевич
213	Маркелов Сергей Евгеньевич	маркелов сергей евгеньевич
214	Пономарев Лев Александрович	пономарев лев александрович
215	Савицкая Людмила Алексеевна	савицкая людмила алексеевна
216	Автономная некоммерческая организация «Центр по работе с проблемой насилия «НАСИЛИЮ.НЕТ»	автономная некоммерческая организация центр по работе с проблемой насилия насилию нет 
217	Межрегиональный профессиональный союз работников здравоохранения «Альянс врачей»	межрегиональный профессиональный союз работников здравоохранения альянс врачей 
218	Юридическое лицо,зарегистрированное в Латвийской Республике, SIA «Medusa Project»	юридическое лицо зарегистрированное в латвийской республике sia medusa project 
219	Общество с ограниченной ответственностью «Первое антикоррупционное СМИ»	общество с ограниченной ответственностью первое антикоррупционное сми 
220	Некоммерческая организация «Фонд по борьбе с коррупцией»	некоммерческая организация фонд по борьбе с коррупцией 
221	Юридическое лицо,зарегистрированное в Королевстве Нидерландов, Stichting 2 Oktober, являющееся администратором доменного имени интернет-ресурса «VTimes.io»	юридическое лицо зарегистрированное в королевстве нидерландов stichting 2 oktober являющееся администратором доменного имени интернет ресурса vtimes io 
222	Автономная некоммерческая организация по содействию распространению современных образовательных программ «Лаборатория социальных наук»	автономная некоммерческая организация по содействию распространению современных образовательных программ лаборатория социальных наук 
223	Автономная некоммерческая организация «Институт права и публичной политики»	автономная некоммерческая организация институт права и публичной политики 
224	Баданин Роман Сергеевич	баданин роман сергеевич
225	Гликин Максим Александрович	гликин максим александрович
226	Железнова Мария Михайловна	железнова мария михайловна
227	Лукьянова Юлия Сергеевна	лукьянова юлия сергеевна
228	Маетная Елизавета Витальевна	маетная елизавета витальевна
229	Маняхин Петр Борисович	маняхин петр борисович
230	Чуракова Ольга Владимировна	чуракова ольга владимировна
231	Ярош Юлия Петровна	ярош юлия петровна
232	Апухтина Юлия Владимировна	апухтина юлия владимировна
233	Некоммерческая организация «Фонд защиты прав граждан «Штаб»	некоммерческая организация фонд защиты прав граждан штаб 
234	Юридическое лицо «The Insider SIA», зарегистрированное в Риге,Латвийская Республика, являющееся администратором доменного имени интернет-издания «The Insider SIA», https://theins.ru	юридическое лицо the insider sia зарегистрированное в риге латвийская республика являющееся администратором доменного имени интернет издания the insider sia https theins ru
235	Гройсман Софья Романовна	гройсман софья романовна
236	Постернак Алексей Евгеньевич	постернак алексей евгеньевич
237	Рождественский Илья Дмитриевич	рождественский илья дмитриевич
238	Рубин Михаил Аркадьевич	рубин михаил аркадьевич
239	"Общероссийское общественное движение в защиту прав избирателей ""Голос"""	общероссийское общественное движение в защиту прав избирателей голос 
240	Анин Роман Александрович	анин роман александрович
241	Пермская региональная общественная организация поддержки и развития медиа-проектов «Четвертый сектор»	пермская региональная общественная организация поддержки и развития медиа проектов четвертый сектор 
242	Юридическое лицо Istories fonds,зарегистрированное в Латвийской Республике	юридическое лицо istories fonds зарегистрированное в латвийской республике
243	Великовский Дмитрий Александрович	великовский дмитрий александрович
244	Долинина Ирина Николаевна	долинина ирина николаевна
245	Мароховская Алеся Алексеевна	мароховская алеся алексеевна
246	Петров Степан Юрьевич	петров степан юрьевич
247	Общество с ограниченной ответственностью Телеканал Дождь	общество с ограниченной ответственностью телеканал дождь
248	Шлейнов Роман Юрьевич	шлейнов роман юрьевич
249	Шмагун Олеся Валентиновна	шмагун олеся валентиновна
250	Общество с ограниченной ответственностью «Альтаир 2021»	общество с ограниченной ответственностью альтаир 2021 
251	Общество с ограниченной ответственностью «Вега 2021»	общество с ограниченной ответственностью вега 2021 
252	Общество с ограниченной ответственностью «Главный редактор 2021»	общество с ограниченной ответственностью главный редактор 2021 
253	Общество с ограниченной ответственностью «Ромашки монолит»	общество с ограниченной ответственностью ромашки монолит 
254	Общество с ограниченной ответственностью «Важные иноагенты»	общество с ограниченной ответственностью важные иноагенты 
255	Важенков Артем Валерьевич	важенков артем валерьевич
256	Верзилов Петр Юрьевич	верзилов петр юрьевич
257	Ивановская областная общественная организация «Центр гендерных исследований»	ивановская областная общественная организация центр гендерных исследований 
258	Автономная некоммерческая организация «Нижегородский центр немецкой и европейской культуры»	автономная некоммерческая организация нижегородский центр немецкой и европейской культуры 
259	Грезев Александр Викторович	грезев александр викторович
260	Гурман Юрий Альбертович	гурман юрий альбертович
261	Гусев Андрей Юрьевич	гусев андрей юрьевич
262	"Медиапроект ""ОВД-Инфо"""	медиапроект овд инфо 
263	Егоров Владимир Владимирович	егоров владимир владимирович
264	Жилинский Владимир Александрович	жилинский владимир александрович
265	Жилкин Владимир Владимирович	жилкин владимир владимирович
266	Общество с ограниченной ответственностью «Зона права»	общество с ограниченной ответственностью зона права 
267	Общество с ограниченной ответственностью «ЗП»	общество с ограниченной ответственностью зп 
268	Иванова София Юрьевна	иванова софия юрьевна
269	Карезина Инна Павловна	карезина инна павловна
270	Каткова Вероника Вячеславовна	каткова вероника вячеславовна
271	Кильтау Екатерина Викторовна	кильтау екатерина викторовна
272	Ковин Виталий Сергеевич	ковин виталий сергеевич
273	Костылева Полина Владимировна	костылева полина владимировна
274	Кузьмина Людмила Гавриловна	кузьмина людмила гавриловна
275	Любарев Аркадий Ефимович	любарев аркадий ефимович
276	Лютов Александр Иванович	лютов александр иванович
277	Петров Алексей Викторович	петров алексей викторович
278	Пигалкин Илья Валерьевич	пигалкин илья валерьевич
279	Пискунов Сергей Евгеньевич	пискунов сергей евгеньевич
280	Смирнов Сергей Сергеевич	смирнов сергей сергеевич
281	Тихонов Михаил Сергеевич	тихонов михаил сергеевич
282	Общество с ограниченной ответственностью «ЖУРНАЛИСТ-ИНОСТРАННЫЙ АГЕНТ»	общество с ограниченной ответственностью журналист иностранный агент 
283	Арапова Галина Юрьевна	арапова галина юрьевна
284	Вольтская Татьяна Анатольевна	вольтская татьяна анатольевна
285	Американская компания «Mason G.E.S. Anonymous Foundation» (США),являющаяся владельцем интернет- издания https://mnews.world/	американская компания mason g e s anonymous foundation сша являющаяся владельцем интернет издания https mnews world 
286	Компания «Stichting Bellingcat»,зарегистрированная в Нидерландах	компания stichting bellingcat зарегистрированная в нидерландах
287	Захаров Андрей Вячеславович	захаров андрей вячеславович
288	Клепиковская Екатерина Дмитриевна	клепиковская екатерина дмитриевна
289	Общество с ограниченной ответственностью «МЕМО»	общество с ограниченной ответственностью мемо 
290	Охотин Григорий Никитич	охотин григорий никитич
291	Бейлинсон Даниил Александрович	бейлинсон даниил александрович
292	Перл Роман Александрович	перл роман александрович
293	Симонов Евгений Алексеевич	симонов евгений алексеевич
294	Соловьева Елена Анатольевна	соловьева елена анатольевна
295	Сотников Даниил Владимирович	сотников даниил владимирович
296	Сурначева Елизавета Дмитриевна	сурначева елизавета дмитриевна
297	Автономная некоммерческая организация по защите прав человека и информированию населения «Якутия– Наше Мнение»	автономная некоммерческая организация по защите прав человека и информированию населения якутия наше мнение 
298	Акционерное общество «РС-Балт»	акционерное общество рс балт 
299	Общество с ограниченной ответственностью «Москоу диджитал медиа», с 26.01.2023 Общество с ограниченнойответственностью «Чайка Белые сады»	общество с ограниченной ответственностью москоу диджитал медиа с 26 01 2023 общество с ограниченнойответственностью чайка белые сады 
300	Ветошкина Валерия Валерьевна	ветошкина валерия валерьевна
301	Заговора Максим Александрович	заговора максим александрович
302	"Межрегиональное общественное движение ""Российская ЛГБТ - сеть"""	межрегиональное общественное движение российская лгбт сеть 
303	Оленичев Максим Владимирович	оленичев максим владимирович
304	Павлов Иван Юрьевич	павлов иван юрьевич
305	Скворцова Елена Сергеевна	скворцова елена сергеевна
306	Общество с ограниченной ответственностью «Как бы инагент»	общество с ограниченной ответственностью как бы инагент 
307	Кочетков Игорь Викторович	кочетков игорь викторович
308	Общество с ограниченной ответственностью «Честные выборы»	общество с ограниченной ответственностью честные выборы 
309	Фонд развития книжной культуры «Иркутский союз библиофилов»	фонд развития книжной культуры иркутский союз библиофилов 
310	Еланчик Олег Александрович	еланчик олег александрович
311	Общество с ограниченной ответственностью «Нобелевский призыв»	общество с ограниченной ответственностью нобелевский призыв 
312	Гималова Регина Эмилевна	гималова регина эмилевна
313	Григорьев Андрей Валерьевич	григорьев андрей валерьевич
314	Григорьева Алина Александровна	григорьева алина александровна
315	"Ассоциация по содействию защите прав призывников, альтернативнослужащих и военнослужащих ""Правозащитная группа ""Гражданин.Армия.Право"""	ассоциация по содействию защите прав призывников альтернативнослужащих и военнослужащих правозащитная группа гражданин армия право 
316	Хисамова Регина Фаритовна	хисамова регина фаритовна
317	"Автономная некоммерческая организация по реализации социально-правовых программ ""Лилит"""	автономная некоммерческая организация по реализации социально правовых программ лилит 
318	"Дальневосточное общественное движение ""Маяк"""	дальневосточное общественное движение маяк 
319	"Санкт-Петербургская ЛГБТ- инициативная группа ""Выход"""	санкт петербургская лгбт инициативная группа выход 
320	"Инициативная группа ЛГБТ+ ""Реверс"""	инициативная группа лгбт реверс 
321	Алексеев Андрей Викторович	алексеев андрей викторович
322	Бекбулатова Таисия Львовна	бекбулатова таисия львовна
323	Беляев Иван Михайлович	беляев иван михайлович
324	Владыкина Елена Сергеевна	владыкина елена сергеевна
325	Гельман Марат Александрович	гельман марат александрович
326	Никульшина Вероника Юрьевна	никульшина вероника юрьевна
327	Толоконникова Надежда Андреевна	толоконникова надежда андреевна
328	Шендерович Виктор Анатольевич	шендерович виктор анатольевич
329	Общество с ограниченной ответственностью «Данное сообщение»	общество с ограниченной ответственностью данное сообщение 
330	Общество с ограниченной ответственностью «Номер семьдесят семь»	общество с ограниченной ответственностью номер семьдесят семь 
331	Общество с ограниченной ответственностью Издательский дом «Новая глава»	общество с ограниченной ответственностью издательский дом новая глава 
332	Общество с ограниченной ответственностью «ЛПНМ»	общество с ограниченной ответственностью лпнм 
333	"Региональная национально-культурная общественная организация ""Туба калык"" (Тубалары)"	региональная национально культурная общественная организация туба калык тубалары 
334	Айнбиндер Александра Александровна	айнбиндер александра александровна
335	Московский комьюнити-центр для ЛГБТ+инициатив	московский комьюнити центр для лгбт инициатив
336	Общество с ограниченной ответственностью «Новогодний выпуск»	общество с ограниченной ответственностью новогодний выпуск 
337	Общество с ограниченной ответственностью «Процесс 2021»	общество с ограниченной ответственностью процесс 2021 
338	"Автономная некоммерческая организация ""Друзья Балтики"""	автономная некоммерческая организация друзья балтики 
339	"Автономная некоммерческая организация для издания научно- популярной газеты ""ТРОИЦКИЙ ВАРИАНТ-НАУКА"""	автономная некоммерческая организация для издания научно популярной газеты троицкий вариант наука 
340	Благотворительный фонд развития филантропии	благотворительный фонд развития филантропии
341	Deutsche Welle (Германия, Kurt- Schumacher-Strasse 3, 53113 Bonn)	deutsche welle германия kurt schumacher strasse 3 53113 bonn 
342	Борзунова Мария Михайловна	борзунова мария михайловна
343	Воробьев Виктор Викторович	воробьев виктор викторович
344	Голубева Анна Львовна	голубева анна львовна
345	Константинова Алла Михайловна	константинова алла михайловна
346	Малкова Ирина Владимировна	малкова ирина владимировна
347	Мурадов Мурад Абдулгалимович	мурадов мурад абдулгалимович
348	Осетинская Елизавета Николаевна	осетинская елизавета николаевна
349	Понасенков Евгений Николаевич	понасенков евгений николаевич
350	Ганапольский Матвей Юрьевич	ганапольский матвей юрьевич
351	Киселев Евгений Алексеевич	киселев евгений алексеевич
352	Борухович Ирина Григорьевна	борухович ирина григорьевна
353	Дремин Иван Тимофеевич	дремин иван тимофеевич
354	Дубровский Дмитрий Викторович	дубровский дмитрий викторович
355	"Красноярская региональная общественная организация поддержки и развития альтернативных образовательных технологий и межкультурных коммуникаций ""ИНТЕРРА"""	красноярская региональная общественная организация поддержки и развития альтернативных образовательных технологий и межкультурных коммуникаций интерра 
356	Маяковская Екатерина Алексеевна	маяковская екатерина алексеевна
357	Фейгин Марк Захарович	фейгин марк захарович
358	Филимонов Андрей Викторович	филимонов андрей викторович
359	Дзугкоева Регина Николаевна	дзугкоева регина николаевна
360	Доброхотов Роман Александрович	доброхотов роман александрович
361	Дудь Юрий Александрович	дудь юрий александрович
362	Елкин Сергей Владимирович	елкин сергей владимирович
363	Кругликов Кирилл Игоревич	кругликов кирилл игоревич
364	Сабунаева Мария Леонидовна	сабунаева мария леонидовна
365	Семенов Алексей Владимирович	семенов алексей владимирович
366	Шаинян Карен Багратович	шаинян карен багратович
367	Шульман Екатерина Михайловна	шульман екатерина михайловна
368	Асафьев Артур Валерьевич	асафьев артур валерьевич
369	Вахштайн Виктор Семенович	вахштайн виктор семенович
370	Венедиктов Алексей Алексеевич	венедиктов алексей алексеевич
371	Воронов Владимир Владимирович	воронов владимир владимирович
372	Лушникова Екатерина Евгеньевна	лушникова екатерина евгеньевна
373	Волков Леонид Михайлович	волков леонид михайлович
374	Невзоров Александр Глебович	невзоров александр глебович
375	Пархоменко Сергей Борисович	пархоменко сергей борисович
376	Сироткин Ярослав Николаевич	сироткин ярослав николаевич
377	Кара-Мурза Владимир Владимирович	кара мурза владимир владимирович
378	Баранова Наталья Владимировна	баранова наталья владимировна
379	Общество с ограниченной ответственностью «Апология»	общество с ограниченной ответственностью апология 
380	Гозман Леонид Яковлевич	гозман леонид яковлевич
381	Кагарлицкий Борис Юльевич	кагарлицкий борис юльевич
382	Климарев Михаил Валерьевич	климарев михаил валерьевич
383	Константинов Денис Владимирович	константинов денис владимирович
384	Милов Владимир Станиславович	милов владимир станиславович
385	"Автономная некоммерческая организация Краснодарский центр современного искусства ""Типография"""	автономная некоммерческая организация краснодарский центр современного искусства типография 
386	Моргенштерн Алишер Тагирович	моргенштерн алишер тагирович
387	Соболь Любовь Эдуардовна	соболь любовь эдуардовна
388	Общество с ограниченной ответственностью «ЛИЗА НОРМ»	общество с ограниченной ответственностью лиза норм 
389	Каспаров Гарри Кимович	каспаров гарри кимович
390	Ходорковский Михаил Борисович	ходорковский михаил борисович
391	Общество с ограниченной ответственностью «Апрельские тезисы»	общество с ограниченной ответственностью апрельские тезисы 
392	"Томская региональная общественная организация по защите прав и интересов женщин ""Женский голос"""	томская региональная общественная организация по защите прав и интересов женщин женский голос 
393	Данилович Ирина Брониславовна	данилович ирина брониславовна
394	Кашин Олег Владимирович	кашин олег владимирович
395	Петров Николай Владимирович	петров николай владимирович
396	Пивоваров Алексей Владимирович	пивоваров алексей владимирович
397	Соколов Михаил Владимирович	соколов михаил владимирович
398	Цветкова Юлия Владимировна	цветкова юлия владимировна
399	Чичваркин Евгений Александрович	чичваркин евгений александрович
400	Комитет против пыток/Команда против пыток	комитет против пыток команда против пыток
401	Общество с ограниченной ответственностью «Первый научный»	общество с ограниченной ответственностью первый научный 
402	Общество с ограниченной ответственностью «Вертолет и ко»	общество с ограниченной ответственностью вертолет и ко 
403	Белоцерковская Вероника Борисовна	белоцерковская вероника борисовна
404	Кац Максим Евгеньевич	кац максим евгеньевич
405	Лазарева Татьяна Юрьевна	лазарева татьяна юрьевна
406	Шаведдинов Руслан Табризович	шаведдинов руслан табризович
407	Яшин Илья Валерьевич	яшин илья валерьевич
408	Общество с ограниченной ответственностью «Иноагент ААВ»	общество с ограниченной ответственностью иноагент аав 
409	Алешковский Дмитрий Петрович	алешковский дмитрий петрович
410	Альбац Евгения Марковна	альбац евгения марковна
411	Быков Дмитрий Львович	быков дмитрий львович
412	Галямина Юлия Евгеньевна	галямина юлия евгеньевна
413	Лойко Сергей Леонидович	лойко сергей леонидович
414	Мартынов Кирилл Константинович	мартынов кирилл константинович
415	Медведев Сергей Александрович	медведев сергей александрович
416	Крашенинников Федор Геннадиевич	крашенинников федор геннадиевич
417	Общество с ограниченной ответственностью «Новости»	общество с ограниченной ответственностью новости 
418	Гордеева Катерина Владимировна	гордеева катерина владимировна
419	Гордон Дмитрий Ильич	гордон дмитрий ильич
420	Жданов Иван Юрьевич	жданов иван юрьевич
421	Федоров Кирилл Владимирович	федоров кирилл владимирович
422	Зимин Борис Дмитриевич	зимин борис дмитриевич
423	Шац Михаил Григорьевич	шац михаил григорьевич
424	Макаревич Андрей Вадимович	макаревич андрей вадимович
425	Афанасьев Андрей Андреевич	афанасьев андрей андреевич
426	Общество с ограниченной ответственностью «Время колокольчиков»	общество с ограниченной ответственностью время колокольчиков 
427	Латынина Юлия Леонидовна	латынина юлия леонидовна
428	Соловей Валерий Дмитриевич	соловей валерий дмитриевич
429	Наки Майкл Сидней	наки майкл сидней
430	Эйдельман Тамара Натановна	эйдельман тамара натановна
431	Шукаева Елена Викторовна	шукаева елена викторовна
432	Галкин Максим Александрович	галкин максим александрович
433	Иванов Дмитрий Сергеевич	иванов дмитрий сергеевич
434	Кен Даниил Олегович	кен даниил олегович
435	Кушнарь Александр Александрович	кушнарь александр александрович
436	Цимбалюк Роман Владимирович	цимбалюк роман владимирович
437	Мартыненко Тимофей Сергеевич	мартыненко тимофей сергеевич
438	Литвин Богдан Геннадьевич	литвин богдан геннадьевич
439	Балтатарова Евгения Семеновна	балтатарова евгения семеновна
440	Глуховский Дмитрий Алексеевич	глуховский дмитрий алексеевич
441	Ресурсный центр для ЛГБТ	ресурсный центр для лгбт
442	Попова Алена Владимировна	попова алена владимировна
443	Сторожева Ирина Владимировна	сторожева ирина владимировна
444	Федоров Мирон Янович	федоров мирон янович
445	Ясавеев Искэндэр Габдрахманович	ясавеев искэндэр габдрахманович
446	Общество с ограниченной ответственностью «Вольные люди»	общество с ограниченной ответственностью вольные люди 
447	Долин Антон Владимирович	долин антон владимирович
448	Жадаев Иван Алексеевич	жадаев иван алексеевич
449	Куцылло Вероника Иосифовна	куцылло вероника иосифовна
450	Рувинский Владимир Владимирович	рувинский владимир владимирович
451	Телегина Наталия Геннадьевна	телегина наталия геннадьевна
452	Дзядко Тихон Викторович	дзядко тихон викторович
453	Харатьян Кирилл Евгеньевич	харатьян кирилл евгеньевич
454	«Молодежное демократическое движение «Весна»	 молодежное демократическое движение весна 
455	Низовцев Дмитрий Александрович	низовцев дмитрий александрович
456	Ярмыш Кира Александровна	ярмыш кира александровна
457	Общество с ограниченной ответственностью «Иновещание»	общество с ограниченной ответственностью иновещание 
458	Зыгарь Михаил Викторович	зыгарь михаил викторович
459	Босов Катерина Евгеньевна	босов катерина евгеньевна
460	Кочкин Семен Александрович	кочкин семен александрович
461	Роднянский Александр Ефимович	роднянский александр ефимович
462	Габбасов Руслан Салаватович	габбасов руслан салаватович
463	Плющев Александр Владимирович	плющев александр владимирович
464	Пономарев Илья Владимирович	пономарев илья владимирович
465	Шадрина Татьяна Владимировна	шадрина татьяна владимировна
466	Шуманов Илья Вячеславович	шуманов илья вячеславович
467	Баев Андрей Сергеевич	баев андрей сергеевич
468	Докучаев Алексей Алексеевич	докучаев алексей алексеевич
469	Беньяш Михаил Михайлович	беньяш михаил михайлович
470	Березовец Тарас Валерьевич	березовец тарас валерьевич
471	Котрикадзе Екатерина Бесикиевна	котрикадзе екатерина бесикиевна
472	Роменский Владимир Андреевич	роменский владимир андреевич
473	Синдеева Наталья Владимировна	синдеева наталья владимировна
474	Яковина Иван Викторович	яковина иван викторович
475	Закрытая компания с ограниченной ответственностью «Букмейт Лимитед» (Ирландия)	закрытая компания с ограниченной ответственностью букмейт лимитед ирландия 
476	Биккинин Ирек Дамирович	биккинин ирек дамирович
477	Колезев Дмитрий Евгеньевич	колезев дмитрий евгеньевич
478	Алексеев Иван Александрович	алексеев иван александрович
479	Заякин Андрей Викторович	заякин андрей викторович
480	Карпук Руслан Леонидович	карпук руслан леонидович
481	Мальцев Вячеслав Вячеславович	мальцев вячеслав вячеславович
482	Светов Михаил Владимирович	светов михаил владимирович
483	Усанова Олимпиада Валентиновна	усанова олимпиада валентиновна
484	Шихман Ирина Юрьевна	шихман ирина юрьевна
485	Барабашова Любовь Григорьевна	барабашова любовь григорьевна
486	Новиков Илья Сергеевич	новиков илья сергеевич
487	Монгайт Анна Викторовна	монгайт анна викторовна
488	Гармажапова Александра Цыреновна	гармажапова александра цыреновна
489	Телин Федор Алексеевич	телин федор алексеевич
490	Ройзман Евгений Вадимович	ройзман евгений вадимович
491	Ковин Виталий Сергеевич	ковин виталий сергеевич
492	Московский региональный общественный благотворительный фонд «Социальное партнерство»	московский региональный общественный благотворительный фонд социальное партнерство 
493	Общество с ограниченнойответственностью «Город без преград»	общество с ограниченнойответственностью город без преград 
494	Транс-инициативная группа «Т- Действие»	транс инициативная группа т действие 
495	Аскеров Ровшан Энвер оглы	аскеров ровшан энвер оглы
496	Экологическое движение «42»	экологическое движение 42 
497	Апресян Рубен Грантович	апресян рубен грантович
498	Фишман Михаил Владимирович	фишман михаил владимирович
499	Мурзагулов Ростислав Рафкатович	мурзагулов ростислав рафкатович
500	The Bell	the bell
501	Региональная общественная организация «Экологическая вахта Сахалина»	региональная общественная организация экологическая вахта сахалина 
502	Автономная некоммерческая организация «Центр сохранения и изучения лососевых видов рыб и мест их обитания»	автономная некоммерческая организация центр сохранения и изучения лососевых видов рыб и мест их обитания 
503	Самарская общественная организация ЛГБТ+ «Ирида»	самарская общественная организация лгбт ирида 
504	Таратута Юлия Леонидовна	таратута юлия леонидовна
505	Тютрин Иван Иванович	тютрин иван иванович
506	Любимов Дмитрий Александрович	любимов дмитрий александрович
507	Давыдов Дмитрий Викторович	давыдов дмитрий викторович
508	Грязневич Наталья Владимировна	грязневич наталья владимировна
509	Жвик Анастасия Николаевна	жвик анастасия николаевна
510	Ганнушкина Светлана Алексеевна	ганнушкина светлана алексеевна
511	Пьяных Глеб Валентинович	пьяных глеб валентинович
512	Колесников Андрей Владимирович	колесников андрей владимирович
513	Автономная некоммерческая организация социально-спортивных программ «Спортивное ЛГБТ-сообщество»	автономная некоммерческая организация социально спортивных программ спортивное лгбт сообщество 
514	Anti-Corruption Foundation Inc.	anti corruption foundation inc 
515	«Феминистское Антивоенное Сопротивление»	 феминистское антивоенное сопротивление 
516	Общественная организация «Роскомсвобода»	общественная организация роскомсвобода 
517	Троицкий Артемий Кивович	троицкий артемий кивович
518	Смольянинов Артур Сергеевич	смольянинов артур сергеевич
519	Кирсанов Сергей Владимирович	кирсанов сергей владимирович
520	Фурсов Анатолий Владимирович	фурсов анатолий владимирович
521	Ухов Сергей Анатольевич	ухов сергей анатольевич
522	Шелест Александр	шелест александр
523	Общество с ограниченной ответственностью «ТЕНЕС»	общество с ограниченной ответственностью тенес 
524	Гырдымова Елизавета Андреевна	гырдымова елизавета андреевна
525	Осечкин Владимир Валерьевич	осечкин владимир валерьевич
526	Устимов Антон Михайлович	устимов антон михайлович
527	Яганов Ибрагим Хасанбиевич	яганов ибрагим хасанбиевич
528	Харченко Вадим Михайлович	харченко вадим михайлович
529	Беседина Дарья Станиславовна	беседина дарья станиславовна
530	Проект для трансгендерных людей и их близких «T9 NSK»	проект для трансгендерных людей и их близких t9 nsk 
531	Прусикин Илья Владимирович	прусикин илья владимирович
532	Агумава Фидель Эдуардович	агумава фидель эдуардович
533	Омбадыков Эрдни Басан	омбадыков эрдни басан
534	Кашапов Рафис Рафаилович	кашапов рафис рафаилович
535	Серенко Дарья Андреевна	серенко дарья андреевна
536	Общество с ограниченной ответственностью «Философия ненасилия»	общество с ограниченной ответственностью философия ненасилия 
537	Фонд развития цифровых прав	фонд развития цифровых прав
538	Мезерин Павел Владимирович	мезерин павел владимирович
539	Соболев Николай Юрьевич	соболев николай юрьевич
540	Макашенец Александр Юрьевич	макашенец александр юрьевич
541	Дудко Екатерина Артуровна	дудко екатерина артуровна
542	Прокашева Елена Владимировна	прокашева елена владимировна
543	Рамазанова Земфира Талгатовна	рамазанова земфира талгатовна
544	Гудков Дмитрий Геннадьевич	гудков дмитрий геннадьевич
545	Галлямов Аббас Радикович	галлямов аббас радикович
546	Намазбаева Татьяна Валерьевна	намазбаева татьяна валерьевна
547	Асланян Сергей Степанович	асланян сергей степанович
548	Шпилькин Сергей Александрович	шпилькин сергей александрович
549	Ривина Анна Валерьевна	ривина анна валерьевна
550	Казанцева Александра Николаевна	казанцева александра николаевна
551	Зубов Андрей Борисович	зубов андрей борисович
552	Школа свободной общественной мысли «Возрождение»	школа свободной общественной мысли возрождение 
553	Лошак Андрей Борисович	лошак андрей борисович
554	Всемирный фонд природы, с 18.09.2023 Фонд охраны окружающей среды и защиты животных 	всемирный фонд природы с 18 09 2023 фонд охраны окружающей среды и защиты животных 
555	Фонд «Свободная Бурятия»	фонд свободная бурятия 
556	Губарев Даниил Евгеньевич	губарев даниил евгеньевич
557	Гуриев Сергей Маратович	гуриев сергей маратович
558	Гершензон Лев Михайлович	гершензон лев михайлович
559	Гудков Геннадий Владимирович	гудков геннадий владимирович
560	Водвуд Вераника Сергеевна	водвуд вераника сергеевна
561	Варламов Илья Александрович	варламов илья александрович
562	Парни Плюс/Парни+	парни плюс парни 
563	Чиков Павел Владимирович	чиков павел владимирович
564	Айсин Руслан Валерьевич	айсин руслан валерьевич
565	Лада-Русь Светлана Михайловна	лада русь светлана михайловна
566	Бакалейко Богдан Владимирович	бакалейко богдан владимирович
567	Покровский Максим Сергеевич	покровский максим сергеевич
568	Бойко Сергей Андреевич	бойко сергей андреевич
569	Чентемиров Георгий Ростиславович	чентемиров георгий ростиславович
570	«Теплица социальных технологий»	 теплица социальных технологий 
571	Альянс гетеросексуалов и ЛГБТ за равноправие «Настоящая Россия»	альянс гетеросексуалов и лгбт за равноправие настоящая россия 
572	Общество с ограниченной ответственностью «Хроникёр»	общество с ограниченной ответственностью хроникёр 
573	Бабченко Аркадий Аркадьевич	бабченко аркадий аркадьевич
574	Слепаков Семен Сергеевич	слепаков семен сергеевич
575	Яковенко Игорь Александрович	яковенко игорь александрович
576	Мунтян Павел Андреевич	мунтян павел андреевич
577	Каныгин Павел Юрьевич	каныгин павел юрьевич
578	Фонд Карнеги за международный мир	фонд карнеги за международный мир
579	Издание «Агентство»	издание агентство 
580	Интернет-издание «Полигон»	интернет издание полигон 
581	«Радужная ассоциация»	 радужная ассоциация 
582	Грозев Христо	грозев христо
583	Севец-Ермолина Наталья Федоровна	севец ермолина наталья федоровна
584	Вихарева Эльвира Владимировна	вихарева эльвира владимировна
585	Автономная некоммерческая правозащитная организация «Школа призывника»	автономная некоммерческая правозащитная организация школа призывника 
586	Журналистский проект «Адвокатская улица»	журналистский проект адвокатская улица 
587	Матвеев Ян Андреевич	матвеев ян андреевич
588	Осовцов Александр Авраамович	осовцов александр авраамович
589	Преображенский Иван Сергеевич	преображенский иван сергеевич
590	Албуров Георгий Валентинович	албуров георгий валентинович
591	Максакова-Игенбергс Мария Петровна	максакова игенбергс мария петровна
592	Певчих Мария Константиновна	певчих мария константиновна
593	Пастухов Владимир Борисович	пастухов владимир борисович
594	Агафонова Елена Владимировна	агафонова елена владимировна
595	«Кризисная группа СК SOS» (North Caucasus SOS Crisis Group)	 кризисная группа ск sos north caucasus sos crisis group 
596	Общество с ограниченной ответственностью «ТАЙГА ИНФО»	общество с ограниченной ответственностью тайга инфо 
597	Женское общественно-политическое движение «Мягкая сила»	женское общественно политическое движение мягкая сила 
598	Общественная организация «Санкт-Петербургский Русский ПЕН- клуб»	общественная организация санкт петербургский русский пен клуб 
599	Бортник Егор Михайлович	бортник егор михайлович
600	Аллеман Ирина Владимировна	аллеман ирина владимировна
601	Иноземцев Владислав Леонидович	иноземцев владислав леонидович
602	Чернышов Сергей Андреевич	чернышов сергей андреевич
603	Архипова Александра Сергеевна	архипова александра сергеевна
604	Габуев Александр Тамерланович	габуев александр тамерланович
605	Пшеничная Анна Эдуардовна	пшеничная анна эдуардовна
606	Цуканова Ольга Викторовна	цуканова ольга викторовна
607	«Общенародный Союз Возрождения России»	 общенародный союз возрождения россии 
608	«Совет матерей и жен»	 совет матерей и жен 
609	Гаджиев Магомед Тажудинович	гаджиев магомед тажудинович
610	Супер Роман Владимирович	супер роман владимирович
611	Орешкин Дмитрий Борисович	орешкин дмитрий борисович
612	Кузахметов Максим Рафикович	кузахметов максим рафикович
613	Издание «Проект»	издание проект 
614	Общество с ограниченной ответственностью «ЯРНОВОСТИ»	общество с ограниченной ответственностью ярновости 
615	Шлосберг Лев Маркович	шлосберг лев маркович
616	Алексашенко Сергей Владимирович	алексашенко сергей владимирович
617	Манский Виталий Всеволодович	манский виталий всеволодович
618	Прокопьева Светлана Владимировна	прокопьева светлана владимировна
619	Информационный портал «ВЕСЬМА»	информационный портал весьма 
620	Фонд «Свободная Якутия» (Free Yakutia Foundation)	фонд свободная якутия free yakutia foundation 
621	Парамонова Юлия Борисовна	парамонова юлия борисовна
622	Невзлин Леонид Борисович	невзлин леонид борисович
623	Колмановский Илья Александрович	колмановский илья александрович
624	Лобанов Михаил Сергеевич	лобанов михаил сергеевич
625	Боварь Виталий Викторович	боварь виталий викторович
626	Латыпов Роберт Рамилевич	латыпов роберт рамилевич
627	Белик Александр Еленович	белик александр еленович
628	Ступин Евгений Викторович	ступин евгений викторович
629	«Движение сознательных отказчиков»	 движение сознательных отказчиков 
630	Комьюнити-центр «Действие»	комьюнити центр действие 
631	Гребенщиков Борис Борисович	гребенщиков борис борисович
632	Тимонов Михаил Леонидович	тимонов михаил леонидович
633	Морев Андрей Зиновьевич	морев андрей зиновьевич
634	Гольдшмидт Филипп	гольдшмидт филипп
635	Горпинченко Алексей Вячеславович	горпинченко алексей вячеславович
636	Караулов Андрей Викторович	караулов андрей викторович
637	Автономная некоммерческая общеобразовательная организация«Англо-американская школа Москвы»	автономная некоммерческая общеобразовательная организация англо американская школа москвы 
638	Сетевое издание Sota.vision	сетевое издание sota vision
639	Издание «Бумага»	издание бумага 
640	Боровой Константин Натанович	боровой константин натанович
641	Козырев Михаил Натанович	козырев михаил натанович
642	Суляндзига Павел Васильевич	суляндзига павел васильевич
643	Литвинов Александр Сергеевич	литвинов александр сергеевич
644	Центр Т	центр т
645	Общественная организация «Омское гражданское объединение»	общественная организация омское гражданское объединение 
646	Автономная некоммерческая организация содействия улучшению качества жизни людей из групп социального риска «Право каждого»	автономная некоммерческая организация содействия улучшению качества жизни людей из групп социального риска право каждого 
647	Интернет-журнал и медиаплатформа«7х7 – Горизонтальная Россия»	интернет журнал и медиаплатформа 7х7 горизонтальная россия 
648	Общество с ограниченной ответственностью«Три «Ч»	общество с ограниченной ответственностью три ч 
649	Общество с ограниченной ответственностью«БИТРЭЙ»	общество с ограниченной ответственностью битрэй 
650	Пионтковский Андрей Андреевич	пионтковский андрей андреевич
651	Сотникова Татьяна Александровна	сотникова татьяна александровна
652	Горалик Линор-Джулия (Горалик Юлия Борисовна )	горалик линор джулия горалик юлия борисовна 
653	Кривенко Сергей Владимирович	кривенко сергей владимирович
654	Илларионов Андрей Николаевич	илларионов андрей николаевич
655	Кондакова Саргылана Константиновна	кондакова саргылана константиновна
656	Довданов Владимир Анатольевич	довданов владимир анатольевич
657	Крутихин Михаил Иванович	крутихин михаил иванович
658	Дымарский Виталий Наумович	дымарский виталий наумович
659	Рогов Кирилл Юрьевич	рогов кирилл юрьевич
660	Эггерт Константин Петрович	эггерт константин петрович
661	Кочесоков Мартин Хусенович	кочесоков мартин хусенович
662	Штефанов Александр Андреевич	штефанов александр андреевич
663	MRR-Fund gemeinnützige UG (haftungsbeschränkt), реализующийпроект My Russian Rights	mrr fund gemeinnützige ug haftungsbeschränkt реализующийпроект my russian rights
664	Интернет-издание «Довод»	интернет издание довод 
665	Муратов Дмитрий Андреевич	муратов дмитрий андреевич
666	Белый Руслан Викторович	белый руслан викторович
667	Радзинский Олег Эдвардович	радзинский олег эдвардович
668	Баршева Оксана Андреевна	баршева оксана андреевна
669	Резник Максим Львович	резник максим львович
670	Сонин Константин Исаакович	сонин константин исаакович
671	Карпов Евгений Вячеславович	карпов евгений вячеславович
672	Катаев Денис Сергеевич	катаев денис сергеевич
673	Вачагаев Майрбек Момуевич	вачагаев майрбек момуевич
674	Антивоенное этническое движение «Новая Тыва» (New Tuva)	антивоенное этническое движение новая тыва new tuva 
675	Котляров Владимир Андреевич	котляров владимир андреевич
676	Митрохин Николай Александрович	митрохин николай александрович
677	Шакиров Мумин Шакирович	шакиров мумин шакирович
678	Мальгин Андрей Викторович	мальгин андрей викторович
679	Пелевина Наталья Владиславовна	пелевина наталья владиславовна
680	Подольская Ольга Валерьевна	подольская ольга валерьевна
681	Белковский Станислав Александрович	белковский станислав александрович
682	Федоров Юрий Евгеньевич	федоров юрий евгеньевич
683	Седов Кирилл Вадимович	седов кирилл вадимович
684	Шепелин Илья Андреевич	шепелин илья андреевич
685	Кочегин Евгений Сергеевич	кочегин евгений сергеевич
686	Сидельников Андрей Александрович	сидельников андрей александрович
687	Малаховская Елена Владимировна	малаховская елена владимировна
688	Доможиров Евгений Валерьевич	доможиров евгений валерьевич
689	Рудакова Диана Борисовна	рудакова диана борисовна
690	Рудой Андрей Владимирович	рудой андрей владимирович
691	Жуковский Владислав Сергеевич	жуковский владислав сергеевич
692	Муждабаев Айдер Иззетович	муждабаев айдер иззетович
693	Вотановский Виталий Викторович	вотановский виталий викторович
694	Ковальченко Сергей Владимирович	ковальченко сергей владимирович
695	Романова Ольга Евгеньевна	романова ольга евгеньевна
696	Волобуев Игорь Михайлович	волобуев игорь михайлович
697	Курманакаев Анвар Мусабиевич	курманакаев анвар мусабиевич
698	Косыгин Илья Евгеньевич	косыгин илья евгеньевич
699	Кунадзе Георгий Фридрихович	кунадзе георгий фридрихович
700	Савва Михаил Валентинович	савва михаил валентинович
701	Общество с ограниченной ответственностью «Новогодний выпуск 2023»	общество с ограниченной ответственностью новогодний выпуск 2023 
702	Общество с ограниченной ответственностью «ТРАНСМИССИЯ»	общество с ограниченной ответственностью трансмиссия 
703	Качур Кирилл Витальевич	качур кирилл витальевич
704	Губин Дмитрий Павлович	губин дмитрий павлович
705	Еловский Дмитрий Сергеевич	еловский дмитрий сергеевич
706	Солдатов Андрей Алексеевич	солдатов андрей алексеевич
707	Снеговая Мария Владиславовна	снеговая мария владиславовна
708	Малов Алексей Владимирович	малов алексей владимирович
709	Колдобский Сергей Григорьевич	колдобский сергей григорьевич
710	Проект «Гроза»	проект гроза 
711	«Кедр.медиа»	 кедр медиа 
712	Общество с ограниченной ответственностью «Команда против пыток»	общество с ограниченной ответственностью команда против пыток 
713	Никандров Марат Игоревич	никандров марат игоревич
714	Троянова Яна Александровна	троянова яна александровна
715	Морозов Александр Олегович	морозов александр олегович
716	Бер Илья Леонидович	бер илья леонидович
717	Свердлин Григорий Сергеевич	свердлин григорий сергеевич
718	Интернет-издание «The Moscow Times»	интернет издание the moscow times 
719	Hidemy.network Ltd.	hidemy network ltd 
720	Давлятчин Илья Владимирович	давлятчин илья владимирович
721	Венявкин Илья Геннадиевич	венявкин илья геннадиевич
722	Юсупов Идрис Гасан-Гусейнович	юсупов идрис гасан гусейнович
723	Общество с ограниченной ответственностью «ЛЮДИ»	общество с ограниченной ответственностью люди 
724	Касьянов Михаил Михайлович	касьянов михаил михайлович
725	Эйдман Игорь Виленович	эйдман игорь виленович
726	Буракова Анастасия Андреевна	буракова анастасия андреевна
727	"Проект ""Ковчег"""	проект ковчег 
728	Телеканал Дождь	телеканал дождь
729	Вайсман Анатолий Александрович	вайсман анатолий александрович
730	Шведов Григорий Сергеевич	шведов григорий сергеевич
731	Пирогова Хельга Вадимовна	пирогова хельга вадимовна
732	Затирко Андрей Викторович	затирко андрей викторович
733	Соколов Денис Владимирович	соколов денис владимирович
734	Ратникова Валерия Евгеньевна	ратникова валерия евгеньевна
735	Дарбинян Саркис Симонович	дарбинян саркис симонович
736	Рыклин Александр Юрьевич	рыклин александр юрьевич
737	Баунов Александр Германович	баунов александр германович
738	Куваев Олег Игоревич	куваев олег игоревич
739	Кураев Андрей Вячеславович	кураев андрей вячеславович
740	"Проект ""Можем объяснить"""	проект можем объяснить 
741	"Интернет-издание ""Вёрстка Медиа"""	интернет издание вёрстка медиа 
742	Общество с ограниченной ответственностью «ВОБНИАР»	общество с ограниченной ответственностью вобниар 
743	Чхартишвили Григорий Шалвович	чхартишвили григорий шалвович
744	Минкин Александр Викторович	минкин александр викторович
745	Соколов Антон Сергеевич	соколов антон сергеевич
746	Куршин Андрей Владимирович	куршин андрей владимирович
747	Интернет-издание «Холод»	интернет издание холод 
748	Юдин Григорий Борисович	юдин григорий борисович
749	Тагаева Лола Маджидовна	тагаева лола маджидовна
750	Чирикова Евгения Сергеевна	чирикова евгения сергеевна
751	Живица Владислав Геннадьевич	живица владислав геннадьевич
752	Олейник Владислав Александрович	олейник владислав александрович
753	Лекторий «Живое слово»	лекторий живое слово 
754	«Комитет ингушской независимости»	 комитет ингушской независимости 
755	Трудолюбов Максим Анатольевич	трудолюбов максим анатольевич
756	Потапенко Дмитрий Валерьевич	потапенко дмитрий валерьевич
757	Проект «ВОТ ТАК»	проект вот так 
758	Соколов Никита Павлович	соколов никита павлович
759	Орлов Олег Петрович	орлов олег петрович
760	Козловский Станислав Александрович	козловский станислав александрович
761	Картавин Антон Викторович	картавин антон викторович
762	Степанов Сергей Николаевич	степанов сергей николаевич
763	Чимаров Михаил Юрьевич	чимаров михаил юрьевич
764	Общество с ограниченной ответственностью «ЕЛКИН КАРТОН»	общество с ограниченной ответственностью елкин картон 
765	Синеокая Юлия Вадимовна	синеокая юлия вадимовна
766	Наринская Анна Анатольевна	наринская анна анатольевна
767	Кукушкин Никита Андреевич	кукушкин никита андреевич
768	Тиньков Олег Юрьевич	тиньков олег юрьевич
769	Арцуев Аслан Хамзатович	арцуев аслан хамзатович
770	Улицкая Людмила Евгеньевна	улицкая людмила евгеньевна
771	Хржановский Илья Андреевич	хржановский илья андреевич
772	Медведев Сергей Юрьевич	медведев сергей юрьевич
773	Центр защиты прав человека «Мемориал»	центр защиты прав человека мемориал 
774	Благотворительный фонд помощи социально-незащищенным гражданам «Нужна помощь»	благотворительный фонд помощи социально незащищенным гражданам нужна помощь 
775	Беленькая Марианна Борисовна	беленькая марианна борисовна
776	Липсиц Игорь Владимирович	липсиц игорь владимирович
777	Каверзина Светлана Викторовна	каверзина светлана викторовна
778	Кашинцев Олег Вячеславович	кашинцев олег вячеславович
779	Либеров Роман Александрович	либеров роман александрович
780	Трескунов Семён Алексеевич	трескунов семён алексеевич
781	Ишутин Кирилл Валерьевич	ишутин кирилл валерьевич
782	Некоммерческое партнерство содействия распространению энциклопедических знаний «Викимедиа РУ»	некоммерческое партнерство содействия распространению энциклопедических знаний викимедиа ру 
783	Набутов Кирилл Викторович	набутов кирилл викторович
784	Скобов Александр Валерьевич	скобов александр валерьевич
785	Проект «Лаборатория публичной социологии»	проект лаборатория публичной социологии 
786	«Смола» («Smola»)	 смола smola 
787	Проект «T-invariant»	проект t invariant 
788	Вишневский Борис Лазаревич	вишневский борис лазаревич
789	Прохоров Вадим Юрьевич	прохоров вадим юрьевич
790	Проект «Первый отдел»	проект первый отдел 
791	Общество с ограниченной ответственностью «БОЛЬШАЯ СЕМЕРКА»	общество с ограниченной ответственностью большая семерка 
792	Общество с ограниченной ответственностью «ИНСТИТУТ НЕЙРОКОГНИТИВНЫХ ИССЛЕДОВАНИЙ»	общество с ограниченной ответственностью институт нейрокогнитивных исследований 
793	Веллер Михаил Иосифович	веллер михаил иосифович
794	Татулова Анастасия Анатольевна	татулова анастасия анатольевна
795	«Российское социалистическое движение» (РСД)	 российское социалистическое движение рсд 
796	Филиппов Иван Борисович	филиппов иван борисович
797	Барабанов Илья Алексеевич	барабанов илья алексеевич
798	Казанцева Анастасия Андреевна	казанцева анастасия андреевна
799	Кузьмин Николай Александрович	кузьмин николай александрович
800	Асташин Иван Игоревич	асташин иван игоревич
801	Общество с ограниченной ответственностью «ИНОАГЕНТ АВК»	общество с ограниченной ответственностью иноагент авк 
